<?xml version="1.0" encoding="UTF-8"?><project-private xmlns="http://www.netbeans.org/ns/project-private/1">
    <editor-bookmarks xmlns="http://www.netbeans.org/ns/editor-bookmarks/1"/>
    <open-files xmlns="http://www.netbeans.org/ns/projectui-open-files/1">
        <file>file:/C:/Users/mainuser/Desktop/School/CST347/labs/lab05.X/src/main.c</file>
        <file>file:/C:/Users/mainuser/Desktop/School/CST347/labs/lab05.X/src/myTasks.c</file>
        <file>file:/C:/Users/mainuser/Desktop/School/CST347/labs/lab05.X/include/myTasks.h</file>
        <file>file:/C:/Users/mainuser/Desktop/School/CST347/labs/lab05.X/include/uartdrv.h</file>
        <file>file:/C:/Users/mainuser/Desktop/School/CST347/labs/lab05.X/src/uart_isr.S</file>
        <file>file:/C:/Users/mainuser/Desktop/School/CST347/labs/lab05.X/src/uartdrv.c</file>
        <file>file:/C:/Program%20Files%20(x86)/Microchip/xc32/v1.34/pic32mx/include/peripheral/int_3xx_4xx.h</file>
        <file>file:/C:/Program%20Files%20(x86)/Microchip/xc32/v1.34/pic32mx/include/peripheral/uart.h</file>
        <file>file:/C:/Users/mainuser/Desktop/School/CST347/labs/FreeRTOS/Source/portable/MPLAB/PIC32MX/port_asm.S</file>
        <file>file:/C:/Users/mainuser/Desktop/School/CST347/labs/FreeRTOS/Source/tasks.c</file>
        <file>file:/C:/Users/mainuser/Desktop/School/CST347/labs/lab05.X/include/leddrv.h</file>
        <file>file:/C:/Users/mainuser/Desktop/School/CST347/labs/lab05.X/src/leddrv.c</file>
        <file>file:/C:/Users/mainuser/Desktop/School/CST347/labs/lab05.X/include/FreeRTOSConfig.h</file>
        <file>file:/C:/Users/mainuser/Desktop/School/CST347/labs/FreeRTOS/Source/queue.c</file>
    </open-files>
</project-private>
